,player_name,Salary,Season,team
0,Trae Young,37096500,2023,ATL
1,John Collins,23500000,2023,ATL
2,Clint Capela,18706897,2023,ATL
3,Bogdan Bogdanović,18000000,2023,ATL
4,Dejounte Murray,16571120,2023,ATL
5,De'Andre Hunter,9835881,2023,ATL
6,Onyeka Okongwu,6395160,2023,ATL
7,AJ Griffin,3536160,2023,ATL
8,Saddiq Bey,2959080,2023,ATL
9,Jalen Johnson,2792640,2023,ATL
10,Bruno Fernando,2717391,2023,ATL
11,Garrison Mathews,2000000,2023,ATL
12,Aaron Holiday,1836090,2023,ATL
13,Vit Krejci,1563518,2023,ATL
14,Tyrese Martin,1017781,2023,ATL
15,Derrick Favors,105522,2023,ATL
16,Sharife Cooper,0,2023,ATL
17,Trent Forrest,0,2023,ATL
18,Jarrett Culver,0,2023,ATL
19,Donovan Williams,0,2023,ATL
20,Jayson Tatum,30351780,2023,BOS
21,Jaylen Brown,28741071,2023,BOS
22,Al Horford,26500000,2023,BOS
23,Malcolm Brogdon,22600000,2023,BOS
24,Marcus Smart,17457142,2023,BOS
25,Derrick White,16892857,2023,BOS
26,Robert Williams,10937502,2023,BOS
27,Danilo Gallinari,6479000,2023,BOS
28,Grant Williams,4306281,2023,BOS
29,Mike Muscala,3500000,2023,BOS
30,Payton Pritchard,2239200,2023,BOS
31,Luke Kornet,2133278,2023,BOS
32,Blake Griffin,1836090,2023,BOS
33,Sam Hauser,1637966,2023,BOS
34,Demetrius Jackson,92857,2023,BOS
35,Justin Champagnie,28241,2023,BOS
36,JD Davison,0,2023,BOS
37,Mfiondu Kabengele,0,2023,BOS
38,Ben Simmons,35448672,2023,BRK
39,Mikal Bridges,20100000,2023,BRK
40,Spencer Dinwiddie,19500000,2023,BRK
41,Joe Harris,18642857,2023,BRK
42,Dorian Finney-Smith,12939848,2023,BRK
43,Royce O'Neale,9200000,2023,BRK
44,Nic Claxton,8500000,2023,BRK
45,Seth Curry,8496653,2023,BRK
46,Patty Mills,6479000,2023,BRK
47,Cameron Johnson,5887899,2023,BRK
48,Jevon Carter,3925000,2023,BRK
49,Cam Thomas,2138160,2023,BRK
50,Day'Ron Sharpe,2109480,2023,BRK
51,Edmond Sumner,1968175,2023,BRK
52,Yuta Watanabe,1836090,2023,BRK
53,Moses Brown,105522,2023,BRK
54,Moses Brown,105522,2023,BRK
55,Nerlens Noel,105522,2023,BRK
56,David Duke,28241,2023,BRK
57,Dru Smith,0,2023,BRK
58,David Duke,0,2023,BRK
59,RaiQuan Gray,0,2023,BRK
60,Alondes Williams,0,2023,BRK
61,Gordon Hayward,30075000,2023,CHO
62,Terry Rozier,21486316,2023,CHO
63,Kelly Oubre,12600000,2023,CHO
64,Reggie Jackson,10876844,2023,CHO
65,Nicolas Batum,8856969,2023,CHO
66,LaMelo Ball,8623920,2023,CHO
67,Cody Martin,7000000,2023,CHO
68,P.J. Washington,5808435,2023,CHO
69,James Bouknight,4362240,2023,CHO
70,Mark Williams,3722040,2023,CHO
71,Kai Jones,2909040,2023,CHO
72,Svi Mykhailiuk,1836090,2023,CHO
73,Dennis Smith,1836090,2023,CHO
74,Nick Richards,1782621,2023,CHO
75,JT Thor,1563518,2023,CHO
76,Bryce McGowens,1075000,2023,CHO
77,Xavier Sneed,94136,2023,CHO
78,Kobi Simmons,32795,2023,CHO
79,Bryce McGowens,0,2023,CHO
80,Théo Maledon,0,2023,CHO
81,Kobi Simmons,0,2023,CHO
82,Xavier Sneed,0,2023,CHO
83,Zach LaVine,37096500,2023,CHI
84,DeMar DeRozan,27300000,2023,CHI
85,Nikola Vučević,22000000,2023,CHI
86,Lonzo Ball,19534884,2023,CHI
87,Alex Caruso,9030000,2023,CHI
88,Patrick Williams,7775400,2023,CHI
89,Coby White,7413955,2023,CHI
90,Andre Drummond,3200000,2023,CHI
91,Derrick Jones,3200000,2023,CHI
92,Dalen Terry,3191400,2023,CHI
93,Tony Bradley,2036318,2023,CHI
94,Goran Dragić,1836090,2023,CHI
95,Javonte Green,1815677,2023,CHI
96,Marko Simonovic,1563518,2023,CHI
97,Ayo Dosunmu,1563518,2023,CHI
98,Patrick Beverley,506508,2023,CHI
99,Carlik Jones,357717,2023,CHI
100,Justin Lewis,0,2023,CHI
101,Malcolm Hill,0,2023,CHI
102,Kostas Antetokounmpo,0,2023,CHI
103,Carlik Jones,0,2023,CHI
104,Terry Taylor,0,2023,CHI
105,Justin Lewis,0,2023,CHI
106,Donovan Mitchell,30913750,2023,CLE
107,Kevin Love,27442830,2023,CLE
108,Jarrett Allen,20000000,2023,CLE
109,Caris LeVert,18796296,2023,CLE
110,Darius Garland,8920795,2023,CLE
111,Evan Mobley,8478720,2023,CLE
112,Cedi Osman,7426088,2023,CLE
113,Isaac Okoro,7040880,2023,CLE
114,Ricky Rubio,5853659,2023,CLE
115,Dylan Windler,4037278,2023,CLE
116,Danny Green,2000000,2023,CLE
117,Dean Wade,1930681,2023,CLE
118,Raul Neto,1836090,2023,CLE
119,Robin Lopez,1836090,2023,CLE
120,Lamar Stevens,1782621,2023,CLE
121,Sam Merrill,850000,2023,CLE
122,Sam Merrill,105522,2023,CLE
123,Isaiah Mobley,0,2023,CLE
124,RJ Nembhard,0,2023,CLE
125,Mamadi Diakite,0,2023,CLE
126,Marcos Louzada Silva,0,2023,CLE
127,Kyrie Irving,38917057,2023,DAL
128,Luka Dončić,37096500,2023,DAL
129,Tim Hardaway,19602273,2023,DAL
130,Dāvis Bertāns,16000000,2023,DAL
131,Christian Wood,14317459,2023,DAL
132,Dwight Powell,11080125,2023,DAL
133,Reggie Bullock,10012800,2023,DAL
134,Maxi Kleber,9000000,2023,DAL
135,JaVale McGee,5461219,2023,DAL
136,Josh Green,3098400,2023,DAL
137,Frank Ntilikina,2036318,2023,DAL
138,Theo Pinson,1836090,2023,DAL
139,Markieff Morris,1836090,2023,DAL
140,Jaden Hardy,1017781,2023,DAL
141,Kemba Walker,684712,2023,DAL
142,Justin Holiday,569821,2023,DAL
143,Facundo Campazzo,464299,2023,DAL
144,Chris Silva,105522,2023,DAL
145,Chris Silva,105522,2023,DAL
146,Tyler Dorsey,0,2023,DAL
147,McKinley Wright,0,2023,DAL
148,A.J. Lawson,0,2023,DAL
149,Nikola Jokić,33047803,2023,DEN
150,Jamal Murray,31650600,2023,DEN
151,Michael Porter,30913750,2023,DEN
152,Aaron Gordon,19690909,2023,DEN
153,Kentavious Caldwell-Pope,14004703,2023,DEN
154,Bruce Brown,6479000,2023,DEN
155,Ish Smith,4725000,2023,DEN
156,Jeff Green,4500000,2023,DEN
157,Christian Braun,2808600,2023,DEN
158,Zeke Nnaji,2617800,2023,DEN
159,Vlatko Čančar,2234359,2023,DEN
160,Peyton Watson,2193960,2023,DEN
161,Thomas Bryant,1836090,2023,DEN
162,DeAndre Jordan,1836090,2023,DEN
163,Reggie Jackson,580373,2023,DEN
164,Collin Gillespie,0,2023,DEN
165,Jack White,0,2023,DEN
166,Bojan Bogdanović,19550000,2023,DET
167,Marvin Bagley,12500000,2023,DET
168,Cade Cunningham,10552800,2023,DET
169,Alec Burks,10012800,2023,DET
170,James Wiseman,9603360,2023,DET
171,Nerlens Noel,9240000,2023,DET
172,Kemba Walker,9165471,2023,DET
173,DeAndre Jordan,7827907,2023,DET
174,Jaden Ivey,7252200,2023,DET
175,Killian Hayes,5837760,2023,DET
176,Hamidou Diallo,5200000,2023,DET
177,Cory Joseph,5155500,2023,DET
178,Jalen Duren,4124280,2023,DET
179,Isaiah Stewart,3433320,2023,DET
180,Dewayne Dedmon,2748674,2023,DET
181,Rodney McGruder,1836090,2023,DET
182,Isaiah Livers,1563518,2023,DET
183,R.J. Hampton,485403,2023,DET
184,Eugene Omoruyi,269445,2023,DET
185,Eugene Omoruyi,94136,2023,DET
186,Eugene Omoruyi,94136,2023,DET
187,Stanley Umude,58493,2023,DET
188,Buddy Boeheim,0,2023,DET
189,Braxton Key,0,2023,DET
190,Jared Rhoden,0,2023,DET
191,Stephen Curry,48070014,2023,GSW
192,Klay Thompson,40600080,2023,GSW
193,Andrew Wiggins,33616770,2023,GSW
194,Draymond Green,25806468,2023,GSW
195,Gary Payton,8300000,2023,GSW
196,Kevon Looney,8000000,2023,GSW
197,Jonathan Kuminga,5739840,2023,GSW
198,Donte DiVincenzo,4500000,2023,GSW
199,Jordan Poole,3901399,2023,GSW
200,Moses Moody,3740160,2023,GSW
201,Patrick Baldwin,2226000,2023,GSW
202,JaMychal Green,1836090,2023,GSW
203,Andre Iguodala,1836090,2023,GSW
204,Ryan Rollins,1017781,2023,GSW
205,Anthony Lamb,253254,2023,GSW
206,Lester Quinones,58493,2023,GSW
207,Lester Quinones,0,2023,GSW
208,Quinndary Weatherspoon,0,2023,GSW
209,Ty Jerome,0,2023,GSW
210,Anthony Lamb,0,2023,GSW
211,Lester Quinones,0,2023,GSW
212,John Wall,40866760,2023,HOU
213,Derrick Favors,10183800,2023,HOU
214,Danny Green,9710528,2023,HOU
215,Jalen Green,9441840,2023,HOU
216,Jabari Smith,8882640,2023,HOU
217,Jae'Sean Tate,7065217,2023,HOU
218,John Wall,6479000,2023,HOU
219,Justin Holiday,6292440,2023,HOU
220,Maurice Harkless,4564980,2023,HOU
221,Ty Jerome,4220057,2023,HOU
222,Boban Marjanović,3500000,2023,HOU
223,Alperen Şengün,3375360,2023,HOU
224,Tari Eason,3359160,2023,HOU
225,Kevin Porter,3217631,2023,HOU
226,Usman Garuba,2471160,2023,HOU
227,Josh Christopher,2372160,2023,HOU
228,TyTy Washington,2210040,2023,HOU
229,Théo Maledon,1900000,2023,HOU
230,Frank Kaminsky,1836090,2023,HOU
231,Kenyon Martin,1782621,2023,HOU
232,Daishen Nix,1563518,2023,HOU
233,Boban Marjanović,601478,2023,HOU
234,D.J. Augustin,333333,2023,HOU
235,D.J. Augustin,189940,2023,HOU
236,Troy Williams,122741,2023,HOU
237,Myles Turner,35069500,2023,IND
238,Buddy Hield,21177750,2023,IND
239,Daniel Theis,8694369,2023,IND
240,T.J. McConnell,8100000,2023,IND
241,Bennedict Mathurin,6586800,2023,IND
242,Goga Bitadze,4765339,2023,IND
243,Jalen Smith,4670160,2023,IND
244,Tyrese Haliburton,4215120,2023,IND
245,George Hill,4000000,2023,IND
246,Chris Duarte,3936960,2023,IND
247,Aaron Nesmith,3804360,2023,IND
248,Jordan Nwora,2800000,2023,IND
249,Isaiah Jackson,2573760,2023,IND
250,Andrew Nembhard,2244111,2023,IND
251,Oshae Brissett,1846738,2023,IND
252,Serge Ibaka,1836090,2023,IND
253,James Johnson,1836090,2023,IND
254,Terry Taylor,1563518,2023,IND
255,Nik Stauskas,702311,2023,IND
256,James Johnson,590926,2023,IND
257,Juwan Morgan,576230,2023,IND
258,Malik Fitts,555217,2023,IND
259,Trevelin Queen,0,2023,IND
260,Kendall Brown,0,2023,IND
261,Gabe York,0,2023,IND
262,Kawhi Leonard,42492492,2023,LAC
263,Paul George,42492492,2023,LAC
264,Eric Gordon,19568360,2023,LAC
265,Norman Powell,16758621,2023,LAC
266,Marcus Morris,16372093,2023,LAC
267,Robert Covington,12307692,2023,LAC
268,Nicolas Batum,10843350,2023,LAC
269,Ivica Zubac,10123457,2023,LAC
270,Mason Plumlee,9080417,2023,LAC
271,Amir Coffey,3395062,2023,LAC
272,Bones Hyland,2201520,2023,LAC
273,Terance Mann,1930681,2023,LAC
274,Brandon Boston,1563518,2023,LAC
275,Jason Preston,1563518,2023,LAC
276,Russell Westbrook,495955,2023,LAC
277,Moussa Diabaté,0,2023,LAC
278,Moses Brown,0,2023,LAC
279,Nate Darling,0,2023,LAC
280,Keaton Wallace,0,2023,LAC
281,Xavier Moon,0,2023,LAC
282,LeBron James,44474988,2023,LAL
283,Anthony Davis,37980720,2023,LAL
284,D'Angelo Russell,31377750,2023,LAL
285,Malik Beasley,15558035,2023,LAL
286,Mohamed Bamba,10300000,2023,LAL
287,Lonnie Walker,6479000,2023,LAL
288,Rui Hachimura,6263188,2023,LAL
289,Jarred Vanderbilt,4374000,2023,LAL
290,Davon Reed,1902133,2023,LAL
291,Wenyen Gabriel,1878720,2023,LAL
292,Troy Brown,1836090,2023,LAL
293,Dennis Schröder,1836090,2023,LAL
294,Austin Reaves,1563518,2023,LAL
295,Max Christie,1017781,2023,LAL
296,Matt Ryan,442439,2023,LAL
297,Sterling Brown,105522,2023,LAL
298,Shaquille Harrison,12260,2023,LAL
299,Tristan Thompson,10552,2023,LAL
300,Scotty Pippen,0,2023,LAL
301,Cole Swider,0,2023,LAL
302,Jaren Jackson,28946605,2023,MEM
303,Steven Adams,17926829,2023,MEM
304,Tyus Jones,15000000,2023,MEM
305,Luke Kennard,14415545,2023,MEM
306,Ja Morant,12119440,2023,MEM
307,Dillon Brooks,11400000,2023,MEM
308,Ziaire Williams,4591680,2023,MEM
309,Brandon Clarke,4343920,2023,MEM
310,Jake LaRavia,3047640,2023,MEM
311,David Roddy,2588640,2023,MEM
312,John Konchar,2300000,2023,MEM
313,Desmond Bane,2130240,2023,MEM
314,Santi Aldama,2094120,2023,MEM
315,Killian Tillie,1901625,2023,MEM
316,Xavier Tillman,1782621,2023,MEM
317,Kennedy Chandler,1200000,2023,MEM
318,Kenneth Lofton,1000000,2023,MEM
319,Kenneth Lofton,0,2023,MEM
320,Vince Williams,0,2023,MEM
321,Jacob Gilyard,0,2023,MEM
322,Jimmy Butler,37653300,2023,MIA
323,Bam Adebayo,30351780,2023,MIA
324,Kyle Lowry,28333334,2023,MIA
325,Duncan Robinson,16902000,2023,MIA
326,Victor Oladipo,8750000,2023,MIA
327,Caleb Martin,6479000,2023,MIA
328,Tyler Herro,5722116,2023,MIA
329,Kevin Love,3114138,2023,MIA
330,Nikola Jović,2239920,2023,MIA
331,Udonis Haslem,1836090,2023,MIA
332,Gabe Vincent,1815677,2023,MIA
333,Max Strus,1815677,2023,MIA
334,Haywood Highsmith,1752638,2023,MIA
335,Omer Yurtseven,1752638,2023,MIA
336,Cody Zeller,517060,2023,MIA
337,Jamaree Bouyea,58493,2023,MIA
338,Marcus Garrett,0,2023,MIA
339,Jamal Cain,0,2023,MIA
340,Dru Smith,0,2023,MIA
341,Orlando Robinson,0,2023,MIA
342,Dru Smith,0,2023,MIA
343,Orlando Robinson,0,2023,MIA
344,Giannis Antetokounmpo,42492492,2023,MIL
345,Khris Middleton,37948276,2023,MIL
346,Jrue Holiday,33665040,2023,MIL
347,Brook Lopez,13906976,2023,MIL
348,Bobby Portis,10843350,2023,MIL
349,Jae Crowder,10183800,2023,MIL
350,Grayson Allen,8500000,2023,MIL
351,Joe Ingles,6479000,2023,MIL
352,Pat Connaughton,5728393,2023,MIL
353,MarJon Beauchamp,2485200,2023,MIL
354,Jevon Carter,2100000,2023,MIL
355,Thanasis Antetokounmpo,1878720,2023,MIL
356,Wesley Matthews,1836090,2023,MIL
357,Goran Dragić,390433,2023,MIL
358,Meyers Leonard,284911,2023,MIL
359,Meyers Leonard,105522,2023,MIL
360,Meyers Leonard,105522,2023,MIL
361,A.J. Green,0,2023,MIL
362,Lindell Wigginton,0,2023,MIL
363,Rudy Gobert,38172414,2023,MIN
364,Karl-Anthony Towns,33833400,2023,MIN
365,Mike Conley,22680000,2023,MIN
366,Anthony Edwards,10733400,2023,MIN
367,Kyle Anderson,8780488,2023,MIN
368,Taurean Prince,7295000,2023,MIN
369,Nickeil Alexander-Walker,5009633,2023,MIN
370,Wendell Moore,2306520,2023,MIN
371,Jaden McDaniels,2161440,2023,MIN
372,Jordan McLaughlin,2160000,2023,MIN
373,Naz Reid,1930681,2023,MIN
374,Jaylen Nowell,1930681,2023,MIN
375,Bryn Forbes,1836090,2023,MIN
376,Austin Rivers,1836090,2023,MIN
377,Nathan Knight,1836090,2023,MIN
378,Josh Minott,1017781,2023,MIN
379,A.J. Lawson,0,2023,MIN
380,Eric Paschall,0,2023,MIN
381,Luka Garza,0,2023,MIN
382,A.J. Lawson,0,2023,MIN
383,Matt Ryan,0,2023,MIN
384,CJ McCollum,33333333,2023,NOP
385,Brandon Ingram,31650600,2023,NOP
386,Jonas Valančiūnas,14700000,2023,NOP
387,Zion Williamson,13534817,2023,NOP
388,Josh Richardson,12196094,2023,NOP
389,Larry Nance,9672727,2023,NOP
390,Jaxson Hayes,6803012,2023,NOP
391,Dyson Daniels,5508600,2023,NOP
392,Garrett Temple,5155500,2023,NOP
393,Kira Lewis,4004280,2023,NOP
394,Trey Murphy,3206520,2023,NOP
395,Willy Hernangómez,2443581,2023,NOP
396,Herbert Jones,1785000,2023,NOP
397,Naji Marshall,1782621,2023,NOP
398,Jose Alvarado,1563518,2023,NOP
399,Dereon Seabron,0,2023,NOP
400,Izaiah Brockington,0,2023,NOP
401,John Butler,0,2023,NOP
402,E.J. Liddell,0,2023,NOP
403,Dereon Seabron,0,2023,NOP
404,Jalen Brunson,27733332,2023,NYK
405,Julius Randle,23760000,2023,NYK
406,Evan Fournier,18000000,2023,NYK
407,Mitchell Robinson,17045454,2023,NYK
408,Derrick Rose,14520730,2023,NYK
409,Josh Hart,12960000,2023,NYK
410,RJ Barrett,10900635,2023,NYK
411,Isaiah Hartenstein,7804879,2023,NYK
412,Obi Toppin,5348280,2023,NYK
413,Immanuel Quickley,2316240,2023,NYK
414,Quentin Grimes,2277000,2023,NYK
415,Jericho Sims,1639842,2023,NYK
416,Miles McBride,1563518,2023,NYK
417,Isaiah Roby,400000,2023,NYK
418,DaQuan Jeffries,300000,2023,NYK
419,DaQuan Jeffries,105522,2023,NYK
420,DaQuan Jeffries,105522,2023,NYK
421,Trevor Keels,58493,2023,NYK
422,Trevor Keels,0,2023,NYK
423,Feron Hunt,0,2023,NYK
424,DaQuan Jeffries,0,2023,NYK
425,Duane Washington,0,2023,NYK
426,Moses Brown,0,2023,NYK
427,Trevor Keels,0,2023,NYK
428,Shai Gilgeous-Alexander,30913750,2023,OKC
429,Kemba Walker,27431078,2023,OKC
430,Luguentz Dort,15277778,2023,OKC
431,Chet Holmgren,9891240,2023,OKC
432,Dario Šarić,9240000,2023,OKC
433,Josh Giddey,6287400,2023,OKC
434,JaMychal Green,5571403,2023,OKC
435,David Nwaba,5022000,2023,OKC
436,Ousmane Dieng,4569840,2023,OKC
437,Jalen Williams,4341480,2023,OKC
438,Trey Burke,3423750,2023,OKC
439,Aleksej Pokusevski,3261480,2023,OKC
440,Tre Mann,3046200,2023,OKC
441,Sterling Brown,3000000,2023,OKC
442,Marquese Chriss,2193920,2023,OKC
443,Kenrich Williams,2000000,2023,OKC
444,Jaylin Williams,2000000,2023,OKC
445,Jeremiah Robinson-Earl,2000000,2023,OKC
446,Lindy Waters,1927896,2023,OKC
447,Isaiah Joe,1836090,2023,OKC
448,Justin Jackson,1836090,2023,OKC
449,Aaron Wiggins,1563518,2023,OKC
450,Kyle Singler,999200,2023,OKC
451,Eugene Omoruyi,555402,2023,OKC
452,Robert Woodard,300000,2023,OKC
453,Jonathan Isaac,17400000,2023,ORL
454,Markelle Fultz,16500000,2023,ORL
455,Wendell Carter,14150000,2023,ORL
456,Gary Harris,13000000,2023,ORL
457,Patrick Beverley,13000000,2023,ORL
458,Paolo Banchero,11055120,2023,ORL
459,Terrence Ross,10581484,2023,ORL
460,Jalen Suggs,6922320,2023,ORL
461,Franz Wagner,5258280,2023,ORL
462,Cole Anthony,3613680,2023,ORL
463,Chuma Okeke,3433320,2023,ORL
464,R.J. Hampton,2412840,2023,ORL
465,Bol Bol,2200000,2023,ORL
466,Caleb Houstan,2000000,2023,ORL
467,Moritz Wagner,1878720,2023,ORL
468,Michael Carter-Williams,652829,2023,ORL
469,Goga Bitadze,612181,2023,ORL
470,Admiral Schofield,506508,2023,ORL
471,Admiral Schofield,0,2023,ORL
472,Kevon Harris,0,2023,ORL
473,Jay Scrubb,0,2023,ORL
474,Tobias Harris,37633050,2023,PHI
475,Joel Embiid,33616770,2023,PHI
476,James Harden,33000000,2023,PHI
477,P.J. Tucker,10490000,2023,PHI
478,De'Anthony Melton,8250000,2023,PHI
479,Furkan Korkmaz,5000000,2023,PHI
480,Danuel House,4105000,2023,PHI
481,Georges Niang,3465000,2023,PHI
482,Tyrese Maxey,2726880,2023,PHI
483,Montrezl Harrell,2463490,2023,PHI
484,Jaden Springer,2125200,2023,PHI
485,Shake Milton,1997718,2023,PHI
486,Jalen McDaniels,1930681,2023,PHI
487,Paul Reed,1782621,2023,PHI
488,Dewayne Dedmon,580373,2023,PHI
489,Trevelin Queen,330000,2023,PHI
490,Charles Bassey,74742,2023,PHI
491,Michael Foster,0,2023,PHI
492,Saben Lee,0,2023,PHI
493,Louis King,0,2023,PHI
494,Mac McClung,0,2023,PHI
495,Kevin Durant,44119845,2023,PHO
496,Devin Booker,33833400,2023,PHO
497,Deandre Ayton,30913750,2023,PHO
498,Chris Paul,28400000,2023,PHO
499,Landry Shamet,9500000,2023,PHO
500,Cameron Payne,6000000,2023,PHO
501,Torrey Craig,5121951,2023,PHO
502,Darius Bazley,4264629,2023,PHO
503,Bismack Biyombo,1836090,2023,PHO
504,T.J. Warren,1836090,2023,PHO
505,Josh Okogie,1836090,2023,PHO
506,Damion Lee,1836090,2023,PHO
507,Jock Landale,1563518,2023,PHO
508,Terrence Ross,580373,2023,PHO
509,Ish Wainright,474851,2023,PHO
510,Saben Lee,105522,2023,PHO
511,Saben Lee,105522,2023,PHO
512,Duane Washington,0,2023,PHO
513,Ish Wainright,0,2023,PHO
514,Saben Lee,0,2023,PHO
515,Damian Lillard,42492492,2023,POR
516,Anfernee Simons,22321429,2023,POR
517,Jerami Grant,20955000,2023,POR
518,Jusuf Nurkić,15625000,2023,POR
519,Shaedon Sharpe,6012960,2023,POR
520,Cam Reddish,5954454,2023,POR
521,Matisse Thybulle,4379527,2023,POR
522,Nassir Little,4171548,2023,POR
523,Justise Winslow,4097561,2023,POR
524,Kevin Knox,3000000,2023,POR
525,Andrew Nicholson,2844430,2023,POR
526,Keon Johnson,2681040,2023,POR
527,Ryan Arcidiacono,1836090,2023,POR
528,Drew Eubanks,1836090,2023,POR
529,Greg Brown,1563518,2023,POR
530,Trendon Watford,1563518,2023,POR
531,Eric Bledsoe,1300000,2023,POR
532,Jabari Walker,1017781,2023,POR
533,Marcos Louzada Silva,268032,2023,POR
534,Shaquille Harrison,105522,2023,POR
535,Skylar Mays,105522,2023,POR
536,Jeenathan Williams,52644,2023,POR
537,Justin Minaya,35096,2023,POR
538,Skylar Mays,10552,2023,POR
539,Chance Comanche,5849,2023,POR
540,De'Aaron Fox,30351780,2023,SAC
541,Domantas Sabonis,18500000,2023,SAC
542,Harrison Barnes,18352273,2023,SAC
543,Kevin Huerter,14508929,2023,SAC
544,Richaun Holmes,11215260,2023,SAC
545,Malik Monk,9472219,2023,SAC
546,Keegan Murray,8008440,2023,SAC
547,Davion Mitchell,4833600,2023,SAC
548,Terence Davis,4000000,2023,SAC
549,Alex Len,3918600,2023,SAC
550,Trey Lyles,2625000,2023,SAC
551,Chimezie Metu,1910860,2023,SAC
552,KZ Okpala,1902133,2023,SAC
553,Matthew Dellavedova,1836090,2023,SAC
554,Kessler Edwards,1637966,2023,SAC
555,PJ Dozier,539450,2023,SAC
556,Chima Moneke,500000,2023,SAC
557,Sam Merrill,150000,2023,SAC
558,PJ Dozier,105522,2023,SAC
559,PJ Dozier,105522,2023,SAC
560,Deonte Burton,105522,2023,SAC
561,DJ Steward,50000,2023,SAC
562,Keon Ellis,0,2023,SAC
563,Neemias Queta,0,2023,SAC
564,Doug McDermott,13750000,2023,SAS
565,Danilo Gallinari,13000000,2023,SAS
566,Devonte' Graham,11550000,2023,SAS
567,Zach Collins,7350000,2023,SAS
568,Khem Birch,6667500,2023,SAS
569,Romeo Langford,5634257,2023,SAS
570,Jeremy Sochan,5063520,2023,SAS
571,Dewayne Dedmon,4700000,2023,SAS
572,Devin Vassell,4437000,2023,SAS
573,Joshua Primo,4144320,2023,SAS
574,Keldon Johnson,3873025,2023,SAS
575,Malaki Branham,2925600,2023,SAS
576,Charles Bassey,2600000,2023,SAS
577,Blake Wesley,2385480,2023,SAS
578,Joe Wieskamp,2175000,2023,SAS
579,Isaiah Roby,1930681,2023,SAS
580,Keita Bates-Diop,1878720,2023,SAS
581,Gorgui Dieng,1836090,2023,SAS
582,Tre Jones,1782621,2023,SAS
583,Stanley Johnson,1245164,2023,SAS
584,Noah Vonleh,1160955,2023,SAS
585,Gorgui Dieng,622582,2023,SAS
586,Sandro Mamukelashvili,357717,2023,SAS
587,Alize Johnson,192293,2023,SAS
588,Jordan Hall,175479,2023,SAS
589,Pascal Siakam,35448672,2023,TOR
590,Fred VanVleet,21250000,2023,TOR
591,Gary Trent,17505000,2023,TOR
592,OG Anunoby,17357143,2023,TOR
593,Chris Boucher,12690000,2023,TOR
594,Jakob Poeltl,9398148,2023,TOR
595,Thaddeus Young,8000000,2023,TOR
596,Scottie Barnes,7644600,2023,TOR
597,Otto Porter,6000000,2023,TOR
598,Precious Achiuwa,2840160,2023,TOR
599,Malachi Flynn,2145720,2023,TOR
600,Svi Mykhailiuk,1878720,2023,TOR
601,Juancho Hernangómez,1836090,2023,TOR
602,Dalano Banton,1563518,2023,TOR
603,Christian Koloko,1500000,2023,TOR
604,Justin Champagnie,825000,2023,TOR
605,Joe Wieskamp,545989,2023,TOR
606,Will Barton,432642,2023,TOR
607,D.J. Wilson,250000,2023,TOR
608,Ish Wainright,125000,2023,TOR
609,Joe Wieskamp,94136,2023,TOR
610,Joe Wieskamp,94136,2023,TOR
611,Armoni Brooks,50000,2023,TOR
612,Saben Lee,10492,2023,TOR
613,Jeff Dowtin,0,2023,TOR
614,Russell Westbrook,46295265,2023,UTA
615,Collin Sexton,16500000,2023,UTA
616,Lauri Markkanen,16475454,2023,UTA
617,Jordan Clarkson,13340000,2023,UTA
618,Kelly Olynyk,12804878,2023,UTA
619,Talen Horton-Tucker,10260000,2023,UTA
620,Rudy Gay,6184500,2023,UTA
621,Ochai Agbaji,3918360,2023,UTA
622,Simone Fontecchio,3205128,2023,UTA
623,Walker Kessler,2696400,2023,UTA
624,Leandro Bolmaro,2471160,2023,UTA
625,Stanley Johnson,2351521,2023,UTA
626,Damian Jones,2298385,2023,UTA
627,Udoka Azubuike,2174880,2023,UTA
628,Juan Toscano-Anderson,1836090,2023,UTA
629,Saben Lee,1752638,2023,UTA
630,Jared Butler,1563518,2023,UTA
631,Kris Dunn,735819,2023,UTA
632,Luka Šamanić,432795,2023,UTA
633,Frank Jackson,105522,2023,UTA
634,Kris Dunn,105522,2023,UTA
635,Kris Dunn,105522,2023,UTA
636,Jarrell Brantley,105522,2023,UTA
637,Luka Šamanić,105522,2023,UTA
638,Vernon Carey,100000,2023,UTA
639,Bradley Beal,43279250,2023,WAS
640,Kristaps Porziņģis,33833400,2023,WAS
641,Will Barton,14375000,2023,WAS
642,Kyle Kuzma,13000000,2023,WAS
643,Monte Morris,9125000,2023,WAS
644,Delon Wright,7804878,2023,WAS
645,Kendrick Nunn,5250000,2023,WAS
646,Deni Avdija,4916160,2023,WAS
647,Johnny Davis,4810320,2023,WAS
648,Corey Kispert,3552840,2023,WAS
649,Daniel Gafford,1930681,2023,WAS
650,Anthony Gill,1836090,2023,WAS
651,Taj Gibson,1836090,2023,WAS
652,Vernon Carey,1782621,2023,WAS
653,Isaiah Todd,1575000,2023,WAS
654,Jordan Goodwin,900000,2023,WAS
655,Xavier Cooks,140384,2023,WAS
656,Jamaree Bouyea,58493,2023,WAS
657,Jordan Goodwin,0,2023,WAS
658,Jordan Schakel,0,2023,WAS
659,Devon Dotson,0,2023,WAS
660,Quenton Jackson,0,2023,WAS
661,Jay Huff,0,2023,WAS
662,Trae Young,40064220,2024,ATL
663,Clint Capela,20616000,2024,ATL
664,De'Andre Hunter,20089286,2024,ATL
665,Bogdan Bogdanović,18700000,2024,ATL
666,Dejounte Murray,18214000,2024,ATL
667,Onyeka Okongwu,8109063,2024,ATL
668,Patty Mills,6802950,2024,ATL
669,Saddiq Bey,4556983,2024,ATL
670,Kobe Bufkin,4094280,2024,ATL
671,AJ Griffin,3712920,2024,ATL
672,Jalen Johnson,2925360,2024,ATL
673,Bruno Fernando,2581522,2024,ATL
674,Wesley Matthews,2019706,2024,ATL
675,Garrison Mathews,2000000,2024,ATL
676,Mouhamed Gueye,1119563,2024,ATL
677,Jarkel Joiner,1119563,2024,ATL
678,Trent Forrest,533945,2024,ATL
679,Miles Norris,0,2024,ATL
680,Seth Lundy,0,2024,ATL
681,Trent Forrest,0,2024,ATL
682,Vit Krejci,0,2024,ATL
683,Dylan Windler,0,2024,ATL
684,Jrue Holiday,36861707,2024,BOS
685,Kristaps Porziņģis,36016200,2024,BOS
686,Jayson Tatum,32600060,2024,BOS
687,Jaylen Brown,31830357,2024,BOS
688,Derrick White,18357143,2024,BOS
689,Al Horford,10000000,2024,BOS
690,Payton Pritchard,4037277,2024,BOS
691,Luke Kornet,2413304,2024,BOS
692,Jaden Springer,2226240,2024,BOS
693,Oshae Brissett,2165000,2024,BOS
694,Svi Mykhailiuk,2019706,2024,BOS
695,Xavier Tillman,1930681,2024,BOS
696,Sam Hauser,1927896,2024,BOS
697,Jordan Walsh,1119563,2024,BOS
698,Demetrius Jackson,92857,2024,BOS
699,Neemias Queta,81253,2024,BOS
700,JD Davison,0,2024,BOS
701,Jay Scrubb,0,2024,BOS
702,Neemias Queta,0,2024,BOS
703,Nathan Knight,0,2024,BOS
704,Drew Peterson,0,2024,BOS
705,Ben Simmons,37893408,2024,BRK
706,Cameron Johnson,25679348,2024,BRK
707,Mikal Bridges,21700000,2024,BRK
708,Dorian Finney-Smith,13932008,2024,BRK
709,Dennis Schröder,12405000,2024,BRK
710,Nic Claxton,9625000,2024,BRK
711,Thaddeus Young,8000000,2024,BRK
712,Noah Clowney,3089520,2024,BRK
713,Dariq Miller-Whitehead,2966040,2024,BRK
714,Keita Bates-Diop,2346614,2024,BRK
715,Cam Thomas,2240160,2024,BRK
716,Day'Ron Sharpe,2210040,2024,BRK
717,Dennis Smith,2019706,2024,BRK
718,Harry Giles,2019706,2024,BRK
719,Trendon Watford,2019706,2024,BRK
720,Lonnie Walker,2019706,2024,BRK
721,Jordan Goodwin,1927896,2024,BRK
722,Jalen Wilson,850000,2024,BRK
723,Armoni Brooks,0,2024,BRK
724,Jalen Wilson,0,2024,BRK
725,Keon Johnson,0,2024,BRK
726,Jaylen Martin,0,2024,BRK
727,Jacob Gilyard,0,2024,BRK
728,Kyle Lowry,29682540,2024,CHO
729,Dāvis Bertāns,17000000,2024,CHO
730,Grant Williams,12405000,2024,CHO
731,LaMelo Ball,10900635,2024,CHO
732,Brandon Miller,10880400,2024,CHO
733,Miles Bridges,7921300,2024,CHO
734,Vasilije Micić,7723000,2024,CHO
735,Cody Martin,7560000,2024,CHO
736,Nick Richards,5000000,2024,CHO
737,James Bouknight,4570080,2024,CHO
738,Seth Curry,4000000,2024,CHO
739,Mark Williams,3908160,2024,CHO
740,Tre Mann,3191400,2024,CHO
741,Kai Jones,3047880,2024,CHO
742,Nick Smith,2463960,2024,CHO
743,Frank Ntilikina,2019706,2024,CHO
744,Ish Smith,2019706,2024,CHO
745,JT Thor,1836096,2024,CHO
746,Bryce McGowens,1719864,2024,CHO
747,Aleksej Pokusevski,565176,2024,CHO
748,Marques Bolden,116075,2024,CHO
749,Amari Bailey,0,2024,CHO
750,Leaky Black,0,2024,CHO
751,Nathan Mensah,0,2024,CHO
752,Marques Bolden,0,2024,CHO
753,Zach LaVine,40064220,2024,CHI
754,DeMar DeRozan,28600000,2024,CHI
755,Lonzo Ball,20465117,2024,CHI
756,Nikola Vučević,18518519,2024,CHI
757,Coby White,11111111,2024,CHI
758,Patrick Williams,9835881,2024,CHI
759,Alex Caruso,9460000,2024,CHI
760,Ayo Dosunmu,6481482,2024,CHI
761,Jevon Carter,6190476,2024,CHI
762,Derrick Jones,3360000,2024,CHI
763,Andre Drummond,3360000,2024,CHI
764,Dalen Terry,3350760,2024,CHI
765,Torrey Craig,2528233,2024,CHI
766,Terry Taylor,2019706,2024,CHI
767,Julian Phillips,1600000,2024,CHI
768,Onuralp Bitim,500000,2024,CHI
769,Javonte Green,127683,2024,CHI
770,Javonte Green,116075,2024,CHI
771,Justin Lewis,0,2024,CHI
772,Henri Drell,0,2024,CHI
773,Andrew Funk,0,2024,CHI
774,Onuralp Bitim,0,2024,CHI
775,Adama Sanogo,0,2024,CHI
776,Darius Garland,34005250,2024,CLE
777,Donovan Mitchell,33162030,2024,CLE
778,Jarrett Allen,20000000,2024,CLE
779,Caris LeVert,15384616,2024,CLE
780,Max Strus,14487684,2024,CLE
781,Isaac Okoro,8920795,2024,CLE
782,Evan Mobley,8882640,2024,CLE
783,Georges Niang,8800000,2024,CLE
784,Dean Wade,5709877,2024,CLE
785,Ricky Rubio,3695311,2024,CLE
786,Damian Jones,2586665,2024,CLE
787,Ty Jerome,2439025,2024,CLE
788,Tristan Thompson,2019706,2024,CLE
789,Sam Merrill,1997238,2024,CLE
790,Craig Porter,1500000,2024,CLE
791,Marcus Morris,197328,2024,CLE
792,Zhaire Smith,139290,2024,CLE
793,Marcus Morris,116075,2024,CLE
794,Sharife Cooper,103550,2024,CLE
795,Pete Nance,64343,2024,CLE
796,Craig Porter,0,2024,CLE
797,Isaiah Mobley,0,2024,CLE
798,Emoni Bates,0,2024,CLE
799,Pete Nance,0,2024,CLE
800,Luka Dončić,40064220,2024,DAL
801,Kyrie Irving,37037037,2024,DAL
802,Tim Hardaway,17897728,2024,DAL
803,P.J. Washington,16847826,2024,DAL
804,Daniel Gafford,12402000,2024,DAL
805,Maxi Kleber,11000000,2024,DAL
806,Dereck Lively,4775640,2024,DAL
807,Josh Green,4765339,2024,DAL
808,Dwight Powell,4000000,2024,DAL
809,Dante Exum,3000000,2024,DAL
810,Olivier-Maxence Prosper,2733720,2024,DAL
811,JaVale McGee,2348324,2024,DAL
812,Derrick Jones,2019706,2024,DAL
813,Markieff Morris,2019706,2024,DAL
814,Jaden Hardy,1719864,2024,DAL
815,A.J. Lawson,1000000,2024,DAL
816,Mike Miles,0,2024,DAL
817,Greg Brown,0,2024,DAL
818,Dexter Dennis,0,2024,DAL
819,A.J. Lawson,0,2024,DAL
820,Brandon Williams,0,2024,DAL
821,Alex Fudge,0,2024,DAL
822,Nikola Jokić,47607350,2024,DEN
823,Jamal Murray,33833400,2024,DEN
824,Michael Porter,33386850,2024,DEN
825,Aaron Gordon,22266182,2024,DEN
826,Kentavious Caldwell-Pope,14704938,2024,DEN
827,Reggie Jackson,5000000,2024,DEN
828,Zeke Nnaji,4306281,2024,DEN
829,Christian Braun,2949120,2024,DEN
830,Julian Strawther,2431080,2024,DEN
831,Peyton Watson,2303520,2024,DEN
832,Vlatko Čančar,2234359,2024,DEN
833,DeAndre Jordan,2019706,2024,DEN
834,Justin Holiday,2019706,2024,DEN
835,Jalen Pickett,1708143,2024,DEN
836,Hunter Tyson,1119563,2024,DEN
837,Braxton Key,0,2024,DEN
838,Jay Huff,0,2024,DEN
839,Collin Gillespie,0,2024,DEN
840,Joe Harris,19928571,2024,DET
841,Evan Fournier,18857143,2024,DET
842,James Wiseman,12119440,2024,DET
843,Cade Cunningham,11055360,2024,DET
844,Ausar Thompson,7977480,2024,DET
845,Jaden Ivey,7614480,2024,DET
846,Killian Hayes,7413955,2024,DET
847,Danilo Gallinari,6802950,2024,DET
848,Isaiah Stewart,5266713,2024,DET
849,Shake Milton,5000000,2024,DET
850,Jalen Duren,4330680,2024,DET
851,Danuel House,4310250,2024,DET
852,Troy Brown,4000000,2024,DET
853,Malachi Flynn,3873025,2024,DET
854,Mike Muscala,3500000,2024,DET
855,Simone Fontecchio,3044872,2024,DET
856,Dewayne Dedmon,2748674,2024,DET
857,Marcus Sasser,2624040,2024,DET
858,Quentin Grimes,2385720,2024,DET
859,Ryan Arcidiacono,2019706,2024,DET
860,Stanley Umude,538460,2024,DET
861,Taj Gibson,348225,2024,DET
862,Chimezie Metu,215781,2024,DET
863,Jaylen Nowell,116075,2024,DET
864,Chimezie Metu,116075,2024,DET
865,Stephen Curry,51915615,2024,GSW
866,Klay Thompson,43219440,2024,GSW
867,Chris Paul,30800000,2024,GSW
868,Andrew Wiggins,24330357,2024,GSW
869,Draymond Green,22321429,2024,GSW
870,Gary Payton,8715000,2024,GSW
871,Kevon Looney,7500000,2024,GSW
872,Jonathan Kuminga,6012840,2024,GSW
873,Moses Moody,3918480,2024,GSW
874,Brandin Podziemski,3352440,2024,GSW
875,Dario Šarić,2019706,2024,GSW
876,Trayce Jackson-Davis,1119563,2024,GSW
877,Gui Santos,1029483,2024,GSW
878,Lester Quinones,548815,2024,GSW
879,Usman Garuba,11608,2024,GSW
880,Lester Quinones,0,2024,GSW
881,Usman Garuba,0,2024,GSW
882,Jerome Robinson,0,2024,GSW
883,Pat Spencer,0,2024,GSW
884,Fred VanVleet,40806300,2024,HOU
885,Dillon Brooks,22627671,2024,HOU
886,Steven Adams,12600000,2024,HOU
887,Jalen Green,9891480,2024,HOU
888,Jeff Green,9600000,2024,HOU
889,Jabari Smith,9326520,2024,HOU
890,Amen Thompson,8809320,2024,HOU
891,Jock Landale,8000000,2024,HOU
892,John Wall,6802950,2024,HOU
893,Jae'Sean Tate,6500000,2024,HOU
894,Alperen Sengun,3536280,2024,HOU
895,Tari Eason,3527160,2024,HOU
896,Cam Whitmore,3218160,2024,HOU
897,Aaron Holiday,2019706,2024,HOU
898,Boban Marjanović,2019706,2024,HOU
899,Reggie Bullock,2019706,2024,HOU
900,Jeremiah Robinson-Earl,1900000,2024,HOU
901,Darius Days,0,2024,HOU
902,Trevor Hudgins,0,2024,HOU
903,Jermaine Samuels,0,2024,HOU
904,Jeenathan Williams,0,2024,HOU
905,Nate Hinton,0,2024,HOU
906,Pascal Siakam,37893408,2024,IND
907,Myles Turner,20975000,2024,IND
908,Doug McDermott,13750000,2024,IND
909,T.J. McConnell,8700000,2024,IND
910,Daniel Theis,6928876,2024,IND
911,Bennedict Mathurin,6916080,2024,IND
912,Obi Toppin,6803012,2024,IND
913,Jarace Walker,6059520,2024,IND
914,Tyrese Haliburton,5808435,2024,IND
915,Aaron Nesmith,5634257,2024,IND
916,Furkan Korkmaz,5370370,2024,IND
917,Jalen Smith,5043773,2024,IND
918,Isaiah Jackson,2696280,2024,IND
919,Ben Sheppard,2537160,2024,IND
920,James Johnson,2241188,2024,IND
921,Andrew Nembhard,2131905,2024,IND
922,Cory Joseph,2019706,2024,IND
923,Kendall Brown,1100000,2024,IND
924,James Johnson,777703,2024,IND
925,Nik Stauskas,702311,2024,IND
926,Juwan Morgan,576230,2024,IND
927,Malik Fitts,555217,2024,IND
928,James Johnson,183704,2024,IND
929,James Johnson,183704,2024,IND
930,Isaiah Wong,0,2024,IND
931,Kawhi Leonard,45640084,2024,LAC
932,Paul George,45640084,2024,LAC
933,James Harden,35680595,2024,LAC
934,Norman Powell,18000000,2024,LAC
935,P.J. Tucker,11014500,2024,LAC
936,Ivica Zubac,10933333,2024,LAC
937,Terance Mann,10576923,2024,LAC
938,Mason Plumlee,5000000,2024,LAC
939,Russell Westbrook,3835738,2024,LAC
940,Amir Coffey,3666667,2024,LAC
941,Kobe Brown,2413320,2024,LAC
942,Bones Hyland,2306400,2024,LAC
943,Brandon Boston,1836096,2024,LAC
944,Joshua Primo,1764341,2024,LAC
945,Daniel Theis,1741126,2024,LAC
946,Kai Jones,11608,2024,LAC
947,Moussa Diabaté,0,2024,LAC
948,Jordan Miller,0,2024,LAC
949,Joshua Primo,0,2024,LAC
950,Xavier Moon,0,2024,LAC
951,LeBron James,47607350,2024,LAL
952,Anthony Davis,40600080,2024,LAL
953,D'Angelo Russell,17307693,2024,LAL
954,Rui Hachimura,15740741,2024,LAL
955,Austin Reaves,12015150,2024,LAL
956,Gabe Vincent,10500000,2024,LAL
957,Jarred Vanderbilt,4698000,2024,LAL
958,Taurean Prince,4516000,2024,LAL
959,Jalen Hood-Schifino,3695040,2024,LAL
960,Christian Wood,2709849,2024,LAL
961,Jaxson Hayes,2165000,2024,LAL
962,Cam Reddish,2165000,2024,LAL
963,Max Christie,1719864,2024,LAL
964,Spencer Dinwiddie,1554654,2024,LAL
965,Maxwell Lewis,1119563,2024,LAL
966,Colin Castleton,0,2024,LAL
967,D'Moi Hodge,0,2024,LAL
968,Alex Fudge,0,2024,LAL
969,Dylan Windler,0,2024,LAL
970,Skylar Mays,0,2024,LAL
971,Harry Giles,0,2024,LAL
972,Ja Morant,34005250,2024,MEM
973,Jaren Jackson,27102202,2024,MEM
974,Marcus Smart,18833713,2024,MEM
975,Luke Kennard,14763636,2024,MEM
976,Brandon Clarke,12500000,2024,MEM
977,Victor Oladipo,9450000,2024,MEM
978,Bismack Biyombo,5000000,2024,MEM
979,Ziaire Williams,4810200,2024,MEM
980,Desmond Bane,3845083,2024,MEM
981,Jake LaRavia,3199920,2024,MEM
982,Derrick Rose,3196448,2024,MEM
983,Josh Christopher,2485200,2024,MEM
984,John Konchar,2400000,2024,MEM
985,Yuta Watanabe,2346614,2024,MEM
986,Vince Williams,2232308,2024,MEM
987,Santi Aldama,2194200,2024,MEM
988,Chimezie Metu,2019706,2024,MEM
989,Lamar Stevens,2019706,2024,MEM
990,Gregory Jackson,1991428,2024,MEM
991,Isaiah Todd,1836096,2024,MEM
992,Kennedy Chandler,1719864,2024,MEM
993,Kenneth Lofton,1719864,2024,MEM
994,Wenyen Gabriel,116075,2024,MEM
995,Shaquille Harrison,116075,2024,MEM
996,Jordan Goodwin,116075,2024,MEM
997,Jimmy Butler,45183960,2024,MIA
998,Bam Adebayo,32600060,2024,MIA
999,Tyler Herro,27000000,2024,MIA
1000,Terry Rozier,23205221,2024,MIA
1001,Duncan Robinson,18154000,2024,MIA
1002,Caleb Martin,6802950,2024,MIA
1003,Kevin Love,3835738,2024,MIA
1004,Jaime Jaquez,3510600,2024,MIA
1005,Josh Richardson,2891467,2024,MIA
1006,Thomas Bryant,2528233,2024,MIA
1007,Nikola Jović,2352000,2024,MIA
1008,Haywood Highsmith,1902137,2024,MIA
1009,Dru Smith,1801769,2024,MIA
1010,Orlando Robinson,1801769,2024,MIA
1011,Delon Wright,661628,2024,MIA
1012,Patty Mills,464300,2024,MIA
1013,Jamaree Bouyea,0,2024,MIA
1014,Jamal Cain,0,2024,MIA
1015,Cole Swider,0,2024,MIA
1016,R.J. Hampton,0,2024,MIA
1017,Alondes Williams,0,2024,MIA
1018,Giannis Antetokounmpo,45640084,2024,MIL
1019,Damian Lillard,45640084,2024,MIL
1020,Khris Middleton,29320988,2024,MIL
1021,Brook Lopez,25000000,2024,MIL
1022,Bobby Portis,11710818,2024,MIL
1023,Pat Connaughton,9423869,2024,MIL
1024,MarJon Beauchamp,2609400,2024,MIL
1025,Malik Beasley,2019706,2024,MIL
1026,Thanasis Antetokounmpo,2019706,2024,MIL
1027,Jae Crowder,2019706,2024,MIL
1028,Patrick Beverley,2019706,2024,MIL
1029,A.J. Green,1901769,2024,MIL
1030,Chris Livingston,1119563,2024,MIL
1031,Andre Jackson,1119563,2024,MIL
1032,Danilo Gallinari,661628,2024,MIL
1033,TyTy Washington,0,2024,MIL
1034,Marques Bolden,0,2024,MIL
1035,Lindell Wigginton,0,2024,MIL
1036,Ryan Rollins,0,2024,MIL
1037,Jaylin Galloway,0,2024,MIL
1038,Rudy Gobert,41000000,2024,MIN
1039,Karl-Anthony Towns,36016200,2024,MIN
1040,Mike Conley,24360000,2024,MIN
1041,Anthony Edwards,13534817,2024,MIN
1042,Naz Reid,12950400,2024,MIN
1043,Monte Morris,9800926,2024,MIN
1044,Kyle Anderson,9219512,2024,MIN
1045,Nickeil Alexander-Walker,4687500,2024,MIN
1046,Jaden McDaniels,3901399,2024,MIN
1047,Wendell Moore,2421720,2024,MIN
1048,Jordan McLaughlin,2320000,2024,MIN
1049,Leonard Miller,1800000,2024,MIN
1050,Josh Minott,1719864,2024,MIN
1051,T.J. Warren,220543,2024,MIN
1052,Luka Garza,127683,2024,MIN
1053,Justin Jackson,116075,2024,MIN
1054,T.J. Warren,116075,2024,MIN
1055,T.J. Warren,116075,2024,MIN
1056,Luka Garza,0,2024,MIN
1057,Jaylen Clark,0,2024,MIN
1058,Daishen Nix,0,2024,MIN
1059,CJ McCollum,35802469,2024,NOP
1060,Zion Williamson,34005250,2024,NOP
1061,Brandon Ingram,33833400,2024,NOP
1062,Jonas Valančiūnas,15435000,2024,NOP
1063,Herbert Jones,12015150,2024,NOP
1064,Larry Nance,10375000,2024,NOP
1065,Dyson Daniels,5784120,2024,NOP
1066,Jordan Hawkins,4310160,2024,NOP
1067,Trey Murphy,3359280,2024,NOP
1068,Cody Zeller,2019706,2024,NOP
1069,Naji Marshall,1930681,2024,NOP
1070,Jose Alvarado,1836096,2024,NOP
1071,E.J. Liddell,1801769,2024,NOP
1072,Matt Ryan,1500000,2024,NOP
1073,Jeremiah Robinson-Earl,684843,2024,NOP
1074,Malcolm Hill,116075,2024,NOP
1075,Jalen Crutcher,64343,2024,NOP
1076,Izaiah Brockington,64343,2024,NOP
1077,Kaiser Gates,0,2024,NOP
1078,Jeremiah Robinson-Earl,0,2024,NOP
1079,Dereon Seabron,0,2024,NOP
1080,Malcolm Hill,0,2024,NOP
1081,Matt Ryan,0,2024,NOP
1082,Julius Randle,28226880,2024,NYK
1083,Jalen Brunson,26346666,2024,NYK
1084,Bojan Bogdanović,20000000,2024,NYK
1085,OG Anunoby,18642857,2024,NYK
1086,Mitchell Robinson,15681818,2024,NYK
1087,Josh Hart,12960000,2024,NYK
1088,Donte DiVincenzo,10900000,2024,NYK
1089,Alec Burks,10489600,2024,NYK
1090,Isaiah Hartenstein,9245121,2024,NYK
1091,Precious Achiuwa,4379527,2024,NYK
1092,Dylan Windler,2019706,2024,NYK
1093,Jericho Sims,1927896,2024,NYK
1094,Miles McBride,1836096,2024,NYK
1095,DaQuan Jeffries,831385,2024,NYK
1096,Taj Gibson,477630,2024,NYK
1097,Shake Milton,475908,2024,NYK
1098,DaQuan Jeffries,261293,2024,NYK
1099,Mamadi Diakite,252525,2024,NYK
1100,Taj Gibson,183704,2024,NYK
1101,Taj Gibson,183704,2024,NYK
1102,DaQuan Jeffries,116075,2024,NYK
1103,Mamadi Diakite,116075,2024,NYK
1104,DaQuan Jeffries,116075,2024,NYK
1105,Jacob Toppin,64343,2024,NYK
1106,Duane Washington,0,2024,NYK
1107,Shai Gilgeous-Alexander,33386850,2024,OKC
1108,Gordon Hayward,33319397,2024,OKC
1109,Kevin Porter,15860000,2024,OKC
1110,Luguentz Dort,15277778,2024,OKC
1111,Chet Holmgren,10386000,2024,OKC
1112,Josh Giddey,6587040,2024,OKC
1113,Rudy Gay,6479000,2024,OKC
1114,Kenrich Williams,6175000,2024,OKC
1115,Cason Wallace,5291400,2024,OKC
1116,Aleksej Pokusevski,5009633,2024,OKC
1117,Ousmane Dieng,4798440,2024,OKC
1118,Jalen Williams,4558680,2024,OKC
1119,Usman Garuba,2588400,2024,OKC
1120,TyTy Washington,2320440,2024,OKC
1121,Jaylin Williams,2000000,2024,OKC
1122,Isaiah Joe,1997238,2024,OKC
1123,Aaron Wiggins,1836096,2024,OKC
1124,Lindy Waters,766095,2024,OKC
1125,Bismack Biyombo,754488,2024,OKC
1126,Jack White,600000,2024,OKC
1127,Mike Muscala,510730,2024,OKC
1128,Keyontae Johnson,0,2024,OKC
1129,Olivier Sarr,0,2024,OKC
1130,Lindy Waters,0,2024,OKC
1131,Adam Flagler,0,2024,OKC
1132,Jonathan Isaac,17400000,2024,ORL
1133,Markelle Fultz,17000000,2024,ORL
1134,Wendell Carter,13050000,2024,ORL
1135,Gary Harris,13000000,2024,ORL
1136,Paolo Banchero,11608080,2024,ORL
1137,Joe Ingles,11000000,2024,ORL
1138,Moritz Wagner,8000000,2024,ORL
1139,Jalen Suggs,7252080,2024,ORL
1140,Anthony Black,7245480,2024,ORL
1141,Cole Anthony,5539771,2024,ORL
1142,Franz Wagner,5508720,2024,ORL
1143,Chuma Okeke,5266713,2024,ORL
1144,Jett Howard,5026800,2024,ORL
1145,Goga Bitadze,2066585,2024,ORL
1146,Caleb Houstan,2000000,2024,ORL
1147,Admiral Schofield,0,2024,ORL
1148,Trevelin Queen,0,2024,ORL
1149,Kevon Harris,0,2024,ORL
1150,Joel Embiid,47607350,2024,PHI
1151,Tobias Harris,39270150,2024,PHI
1152,Buddy Hield,19845098,2024,PHI
1153,Nicolas Batum,11710818,2024,PHI
1154,Robert Covington,11692308,2024,PHI
1155,De'Anthony Melton,8000000,2024,PHI
1156,Paul Reed,7723000,2024,PHI
1157,Tyrese Maxey,4343920,2024,PHI
1158,Kyle Lowry,2795839,2024,PHI
1159,Jeff Dowtin,2196970,2024,PHI
1160,Mohamed Bamba,2019706,2024,PHI
1161,Montrezl Harrell,2019706,2024,PHI
1162,Cameron Payne,2019706,2024,PHI
1163,Kelly Oubre,2019706,2024,PHI
1164,KJ Martin,1930681,2024,PHI
1165,Ricky Council,864353,2024,PHI
1166,Danny Green,200000,2024,PHI
1167,Jeff Dowtin,127683,2024,PHI
1168,Darius Bazley,116075,2024,PHI
1169,Kai Jones,116075,2024,PHI
1170,D.J. Wilson,116075,2024,PHI
1171,Ricky Council,0,2024,PHI
1172,Kenneth Lofton,0,2024,PHI
1173,Javonte Smart,0,2024,PHI
1174,Terquavion Smith,0,2024,PHI
1175,Kevin Durant,47649433,2024,PHO
1176,Bradley Beal,46741590,2024,PHO
1177,Devin Booker,36016200,2024,PHO
1178,Jusuf Nurkić,16875000,2024,PHO
1179,Royce O'Neale,9500000,2024,PHO
1180,Grayson Allen,8925000,2024,PHO
1181,Nassir Little,6250000,2024,PHO
1182,Eric Gordon,3196448,2024,PHO
1183,Josh Okogie,2815937,2024,PHO
1184,Keon Johnson,2808720,2024,PHO
1185,David Roddy,2718240,2024,PHO
1186,Damion Lee,2528233,2024,PHO
1187,Drew Eubanks,2346614,2024,PHO
1188,Bol Bol,2019706,2024,PHO
1189,Thaddeus Young,638413,2024,PHO
1190,Isaiah Thomas,116075,2024,PHO
1191,Isaiah Thomas,116075,2024,PHO
1192,Isaiah Thomas,69645,2024,PHO
1193,Saben Lee,0,2024,PHO
1194,Udoka Azubuike,0,2024,PHO
1195,Théo Maledon,0,2024,PHO
1196,Ish Wainright,0,2024,PHO
1197,Deandre Ayton,32459438,2024,POR
1198,Jerami Grant,27586207,2024,POR
1199,Anfernee Simons,24107143,2024,POR
1200,Malcolm Brogdon,22500000,2024,POR
1201,Robert Williams,11571429,2024,POR
1202,Matisse Thybulle,10500000,2024,POR
1203,Scoot Henderson,9770880,2024,POR
1204,Shaedon Sharpe,6313800,2024,POR
1205,Kris Murray,2847480,2024,POR
1206,Andrew Nicholson,2844430,2024,POR
1207,Dalano Banton,2019706,2024,POR
1208,Moses Brown,2019706,2024,POR
1209,Duop Reath,1951220,2024,POR
1210,Ish Wainright,1927896,2024,POR
1211,Skylar Mays,1799163,2024,POR
1212,Jabari Walker,1719864,2024,POR
1213,Eric Bledsoe,1300000,2024,POR
1214,Rayan Rupert,1119563,2024,POR
1215,Toumani Camara,1119563,2024,POR
1216,Marcos Louzada Silva,268032,2024,POR
1217,Ashton Hagans,103550,2024,POR
1218,Taze Moore,64343,2024,POR
1219,Taze Moore,6434,2024,POR
1220,Duop Reath,0,2024,POR
1221,Jamaree Bouyea,0,2024,POR
1222,De'Aaron Fox,32600060,2024,SAC
1223,Domantas Sabonis,30600000,2024,SAC
1224,Harrison Barnes,17000000,2024,SAC
1225,Kevin Huerter,15669643,2024,SAC
1226,Malik Monk,9945830,2024,SAC
1227,Keegan Murray,8409000,2024,SAC
1228,Trey Lyles,8000000,2024,SAC
1229,Aleksandar Vezenkov,6341464,2024,SAC
1230,Davion Mitchell,5063640,2024,SAC
1231,Chris Duarte,4124400,2024,SAC
1232,Robin Lopez,2019706,2024,SAC
1233,JaVale McGee,2019706,2024,SAC
1234,Alex Len,2019706,2024,SAC
1235,Colby Jones,2019706,2024,SAC
1236,Kessler Edwards,1927896,2024,SAC
1237,Keon Ellis,683430,2024,SAC
1238,Filip Petrušev,559782,2024,SAC
1239,Juan Toscano-Anderson,323506,2024,SAC
1240,Nerlens Noel,300000,2024,SAC
1241,Neemias Queta,250000,2024,SAC
1242,Juan Toscano-Anderson,116075,2024,SAC
1243,Keon Ellis,0,2024,SAC
1244,Jalen Slawson,0,2024,SAC
1245,Jordan Ford,0,2024,SAC
1246,Mason Jones,0,2024,SAC
1247,Keldon Johnson,20000000,2024,SAS
1248,Marcus Morris,17116279,2024,SAS
1249,Victor Wembanyama,12160680,2024,SAS
1250,Devonte' Graham,12100000,2024,SAS
1251,Reggie Bullock,11014080,2024,SAS
1252,Tre Jones,9895833,2024,SAS
1253,Zach Collins,7700000,2024,SAS
1254,Khem Birch,6985000,2024,SAS
1255,Cedi Osman,6718842,2024,SAS
1256,Cameron Payne,6500000,2024,SAS
1257,Devin Vassell,5887899,2024,SAS
1258,Jeremy Sochan,5316960,2024,SAS
1259,Joshua Primo,4341600,2024,SAS
1260,Malaki Branham,3071880,2024,SAS
1261,Julian Champagnie,3000000,2024,SAS
1262,Charles Bassey,2600000,2024,SAS
1263,Blake Wesley,2504640,2024,SAS
1264,Sandro Mamukelashvili,2019706,2024,SAS
1265,Sidy Cissoko,1119563,2024,SAS
1266,Dominick Barlow,455620,2024,SAS
1267,Lamar Stevens,400000,2024,SAS
1268,Sir'Jabari Rice,0,2024,SAS
1269,Dominick Barlow,0,2024,SAS
1270,Seth Millner,0,2024,SAS
1271,Charles Bediako,0,2024,SAS
1272,RJ Barrett,23883929,2024,TOR
1273,Bruce Brown,22000000,2024,TOR
1274,Spencer Dinwiddie,20357143,2024,TOR
1275,Jakob Poeltl,19500000,2024,TOR
1276,Gary Trent,18560000,2024,TOR
1277,Kelly Olynyk,12195122,2024,TOR
1278,Chris Boucher,11750000,2024,TOR
1279,Scottie Barnes,8008680,2024,TOR
1280,Gradey Dick,4536720,2024,TOR
1281,Jalen McDaniels,4516000,2024,TOR
1282,Immanuel Quickley,4171548,2024,TOR
1283,Ochai Agbaji,4114200,2024,TOR
1284,Jordan Nwora,3000000,2024,TOR
1285,Garrett Temple,2019706,2024,TOR
1286,Christian Koloko,1719864,2024,TOR
1287,Javon Freeman-Liberty,289542,2024,TOR
1288,Kobi Simmons,116075,2024,TOR
1289,Jahmi'us Ramsey,116075,2024,TOR
1290,Justise Winslow,116075,2024,TOR
1291,Jahmi'us Ramsey,116075,2024,TOR
1292,Malik Williams,64343,2024,TOR
1293,Mouhamadou Gueye,64343,2024,TOR
1294,D.J. Carton,64343,2024,TOR
1295,Malik Williams,12869,2024,TOR
1296,D.J. Carton,0,2024,TOR
1297,John Collins,25340000,2024,UTA
1298,Jordan Clarkson,23487629,2024,UTA
1299,Collin Sexton,17325000,2024,UTA
1300,Lauri Markkanen,17259999,2024,UTA
1301,Talen Horton-Tucker,11020000,2024,UTA
1302,Otto Porter,6300000,2024,UTA
1303,Kira Lewis,5722116,2024,UTA
1304,Taylor Hendricks,5569920,2024,UTA
1305,Keyonte George,3889800,2024,UTA
1306,Walker Kessler,2831160,2024,UTA
1307,Omer Yurtseven,2800000,2024,UTA
1308,Kris Dunn,2586665,2024,UTA
1309,Brice Sensabaugh,2448600,2024,UTA
1310,Luka Šamanić,2066585,2024,UTA
1311,Kevin Knox,1845593,2024,UTA
1312,Kenneth Lofton,500000,2024,UTA
1313,Darius Bazley,500000,2024,UTA
1314,Taevion Kinsey,64343,2024,UTA
1315,Joey Hauser,0,2024,UTA
1316,Johnny Juzang,0,2024,UTA
1317,Josh Christopher,0,2024,UTA
1318,Micah Potter,0,2024,UTA
1319,Jason Preston,0,2024,UTA
1320,Jordan Poole,27455357,2024,WAS
1321,Kyle Kuzma,25568182,2024,WAS
1322,Tyus Jones,14000000,2024,WAS
1323,Marvin Bagley,12500000,2024,WAS
1324,Richaun Holmes,12046020,2024,WAS
1325,Landry Shamet,10250000,2024,WAS
1326,Delon Wright,8195122,2024,WAS
1327,Bilal Coulibaly,6614280,2024,WAS
1328,Deni Avdija,6263188,2024,WAS
1329,Johnny Davis,5050800,2024,WAS
1330,Corey Kispert,3722040,2024,WAS
1331,Tristan Vukcevic,2424892,2024,WAS
1332,Patrick Baldwin,2337720,2024,WAS
1333,Taj Gibson,2019706,2024,WAS
1334,Anthony Gill,1997238,2024,WAS
1335,Isaiah Livers,1836096,2024,WAS
1336,Xavier Cooks,1719864,2024,WAS
1337,Ryan Rollins,1719864,2024,WAS
1338,Jared Butler,1250000,2024,WAS
1339,Eugene Omoruyi,900000,2024,WAS
1340,Hamidou Diallo,116075,2024,WAS
1341,Justin Champagnie,116075,2024,WAS
1342,R.J. Hampton,116075,2024,WAS
1343,Trey Jemison,64343,2024,WAS
1344,Eugene Omoruyi,0,2024,WAS
